merchant_id,category,district,source
merch_0001,clothing,Brahmanbaria,synthetic
merch_0002,pharmacy,Faridpur,synthetic
merch_0003,restaurant,Khulna,synthetic
merch_0004,clothing,Brahmanbaria,synthetic
merch_0005,restaurant,Faridpur,synthetic
merch_0006,grocery,Feni,synthetic
merch_0007,utility,Faridpur,synthetic
merch_0008,utility,Noakhali,synthetic
merch_0009,utility,Noakhali,synthetic
merch_0010,electronics,Faridpur,synthetic
merch_0011,restaurant,Noakhali,synthetic
merch_0012,pharmacy,Jamalpur,synthetic
merch_0013,grocery,Kushtia,synthetic
merch_0014,clothing,Faridpur,synthetic
merch_0015,electronics,Kushtia,synthetic
merch_0016,electronics,Narayanganj,synthetic
merch_0017,clothing,Bogra,synthetic
merch_0018,clothing,Chittagong,synthetic
merch_0019,grocery,Feni,synthetic
merch_0020,grocery,Khulna,synthetic
merch_0021,clothing,Dinajpur,synthetic
merch_0022,utility,Feni,synthetic
merch_0023,grocery,Gazipur,synthetic
merch_0024,clothing,Kushtia,synthetic
merch_0025,grocery,Pabna,synthetic
merch_0026,clothing,Dinajpur,synthetic
merch_0027,restaurant,Dinajpur,synthetic
merch_0028,grocery,Narayanganj,synthetic
merch_0029,pharmacy,Mymensingh,synthetic
merch_0030,pharmacy,Gazipur,synthetic
merch_0031,clothing,Feni,synthetic
merch_0032,grocery,Brahmanbaria,synthetic
merch_0033,grocery,Bogra,synthetic
merch_0034,grocery,Jessore,synthetic
merch_0035,pharmacy,Dhaka,synthetic
merch_0036,electronics,Jessore,synthetic
merch_0037,grocery,Tangail,synthetic
merch_0038,utility,Pabna,synthetic
merch_0039,electronics,Jamalpur,synthetic
merch_0040,restaurant,Comilla,synthetic
merch_0041,grocery,Brahmanbaria,synthetic
merch_0042,restaurant,Feni,synthetic
merch_0043,grocery,Jessore,synthetic
merch_0044,restaurant,Feni,synthetic
merch_0045,restaurant,Jessore,synthetic
merch_0046,electronics,Rajshahi,synthetic
merch_0047,restaurant,Rajshahi,synthetic
merch_0048,utility,Narayanganj,synthetic
merch_0049,pharmacy,Jessore,synthetic
merch_0050,restaurant,Jamalpur,synthetic
merch_0051,utility,Jessore,synthetic
merch_0052,pharmacy,Cox's Bazar,synthetic
merch_0053,clothing,Dinajpur,synthetic
merch_0054,restaurant,Rangpur,synthetic
merch_0055,restaurant,Gazipur,synthetic
merch_0056,grocery,Noakhali,synthetic
merch_0057,pharmacy,Bogra,synthetic
merch_0058,clothing,Chittagong,synthetic
merch_0059,clothing,Feni,synthetic
merch_0060,restaurant,Mymensingh,synthetic
merch_0061,electronics,Sylhet,synthetic
merch_0062,utility,Feni,synthetic
merch_0063,grocery,Feni,synthetic
merch_0064,clothing,Comilla,synthetic
merch_0065,grocery,Feni,synthetic
merch_0066,electronics,Faridpur,synthetic
merch_0067,restaurant,Rangpur,synthetic
merch_0068,clothing,Sylhet,synthetic
merch_0069,utility,Bogra,synthetic
merch_0070,electronics,Bogra,synthetic
merch_0071,restaurant,Narayanganj,synthetic
merch_0072,electronics,Jessore,synthetic
merch_0073,pharmacy,Pabna,synthetic
merch_0074,restaurant,Comilla,synthetic
merch_0075,electronics,Jamalpur,synthetic
merch_0076,restaurant,Narayanganj,synthetic
merch_0077,electronics,Barisal,synthetic
merch_0078,grocery,Gazipur,synthetic
merch_0079,utility,Jamalpur,synthetic
merch_0080,pharmacy,Feni,synthetic
merch_0081,restaurant,Rangpur,synthetic
merch_0082,utility,Tangail,synthetic
merch_0083,clothing,Gazipur,synthetic
merch_0084,electronics,Cox's Bazar,synthetic
merch_0085,restaurant,Feni,synthetic
merch_0086,utility,Gazipur,synthetic
merch_0087,grocery,Jamalpur,synthetic
merch_0088,pharmacy,Dinajpur,synthetic
merch_0089,restaurant,Khulna,synthetic
merch_0090,pharmacy,Khulna,synthetic
merch_0091,utility,Narayanganj,synthetic
merch_0092,clothing,Pabna,synthetic
merch_0093,restaurant,Jessore,synthetic
merch_0094,grocery,Gazipur,synthetic
merch_0095,pharmacy,Pabna,synthetic
merch_0096,clothing,Bogra,synthetic
merch_0097,utility,Barisal,synthetic
merch_0098,clothing,Narayanganj,synthetic
merch_0099,electronics,Mymensingh,synthetic
merch_0100,restaurant,Mymensingh,synthetic
merch_0101,grocery,Khulna,synthetic
merch_0102,pharmacy,Dhaka,synthetic
merch_0103,pharmacy,Bogra,synthetic
merch_0104,restaurant,Faridpur,synthetic
merch_0105,electronics,Pabna,synthetic
merch_0106,restaurant,Gazipur,synthetic
merch_0107,grocery,Rangpur,synthetic
merch_0108,pharmacy,Comilla,synthetic
merch_0109,pharmacy,Dhaka,synthetic
merch_0110,clothing,Comilla,synthetic
merch_0111,utility,Noakhali,synthetic
merch_0112,pharmacy,Gazipur,synthetic
merch_0113,grocery,Faridpur,synthetic
merch_0114,grocery,Chittagong,synthetic
merch_0115,grocery,Jessore,synthetic
merch_0116,electronics,Bogra,synthetic
merch_0117,grocery,Pabna,synthetic
merch_0118,clothing,Narayanganj,synthetic
merch_0119,utility,Sylhet,synthetic
merch_0120,restaurant,Khulna,synthetic
merch_0121,pharmacy,Rajshahi,synthetic
merch_0122,electronics,Jamalpur,synthetic
merch_0123,grocery,Jamalpur,synthetic
merch_0124,utility,Feni,synthetic
merch_0125,electronics,Comilla,synthetic
merch_0126,restaurant,Sylhet,synthetic
merch_0127,pharmacy,Cox's Bazar,synthetic
merch_0128,grocery,Jessore,synthetic
merch_0129,clothing,Feni,synthetic
merch_0130,utility,Kushtia,synthetic
merch_0131,utility,Mymensingh,synthetic
merch_0132,restaurant,Rangpur,synthetic
merch_0133,pharmacy,Rajshahi,synthetic
merch_0134,pharmacy,Rangpur,synthetic
merch_0135,clothing,Tangail,synthetic
merch_0136,restaurant,Comilla,synthetic
merch_0137,electronics,Chittagong,synthetic
merch_0138,restaurant,Noakhali,synthetic
merch_0139,clothing,Brahmanbaria,synthetic
merch_0140,grocery,Jessore,synthetic
merch_0141,electronics,Pabna,synthetic
merch_0142,restaurant,Narayanganj,synthetic
merch_0143,pharmacy,Comilla,synthetic
merch_0144,pharmacy,Dinajpur,synthetic
merch_0145,restaurant,Brahmanbaria,synthetic
merch_0146,clothing,Bogra,synthetic
merch_0147,grocery,Gazipur,synthetic
merch_0148,electronics,Chittagong,synthetic
merch_0149,utility,Narayanganj,synthetic
merch_0150,grocery,Brahmanbaria,synthetic
merch_0151,utility,Mymensingh,synthetic
merch_0152,clothing,Noakhali,synthetic
merch_0153,restaurant,Bogra,synthetic
merch_0154,utility,Brahmanbaria,synthetic
merch_0155,clothing,Narayanganj,synthetic
merch_0156,grocery,Noakhali,synthetic
merch_0157,pharmacy,Tangail,synthetic
merch_0158,restaurant,Dhaka,synthetic
merch_0159,restaurant,Comilla,synthetic
merch_0160,clothing,Sylhet,synthetic
merch_0161,pharmacy,Bogra,synthetic
merch_0162,pharmacy,Barisal,synthetic
merch_0163,restaurant,Gazipur,synthetic
merch_0164,clothing,Gazipur,synthetic
merch_0165,restaurant,Chittagong,synthetic
merch_0166,clothing,Sylhet,synthetic
merch_0167,restaurant,Faridpur,synthetic
merch_0168,utility,Pabna,synthetic
merch_0169,clothing,Brahmanbaria,synthetic
merch_0170,restaurant,Rajshahi,synthetic
merch_0171,pharmacy,Brahmanbaria,synthetic
merch_0172,clothing,Jamalpur,synthetic
merch_0173,grocery,Dinajpur,synthetic
merch_0174,restaurant,Cox's Bazar,synthetic
merch_0175,utility,Noakhali,synthetic
merch_0176,utility,Jessore,synthetic
merch_0177,restaurant,Brahmanbaria,synthetic
merch_0178,grocery,Chittagong,synthetic
merch_0179,utility,Gazipur,synthetic
merch_0180,pharmacy,Gazipur,synthetic
merch_0181,restaurant,Gazipur,synthetic
merch_0182,pharmacy,Dhaka,synthetic
merch_0183,restaurant,Rangpur,synthetic
merch_0184,utility,Bogra,synthetic
merch_0185,clothing,Feni,synthetic
merch_0186,grocery,Rajshahi,synthetic
merch_0187,pharmacy,Mymensingh,synthetic
merch_0188,electronics,Brahmanbaria,synthetic
merch_0189,utility,Khulna,synthetic
merch_0190,electronics,Narayanganj,synthetic
merch_0191,restaurant,Jessore,synthetic
merch_0192,restaurant,Faridpur,synthetic
merch_0193,utility,Khulna,synthetic
merch_0194,clothing,Barisal,synthetic
merch_0195,utility,Feni,synthetic
merch_0196,clothing,Bogra,synthetic
merch_0197,pharmacy,Sylhet,synthetic
merch_0198,restaurant,Dinajpur,synthetic
merch_0199,pharmacy,Kushtia,synthetic
merch_0200,restaurant,Feni,synthetic
merch_0201,pharmacy,Dhaka,synthetic
merch_0202,grocery,Noakhali,synthetic
merch_0203,utility,Cox's Bazar,synthetic
merch_0204,utility,Mymensingh,synthetic
merch_0205,grocery,Tangail,synthetic
merch_0206,pharmacy,Comilla,synthetic
merch_0207,utility,Barisal,synthetic
merch_0208,grocery,Kushtia,synthetic
merch_0209,electronics,Pabna,synthetic
merch_0210,electronics,Comilla,synthetic
merch_0211,pharmacy,Sylhet,synthetic
merch_0212,clothing,Barisal,synthetic
merch_0213,electronics,Rajshahi,synthetic
merch_0214,grocery,Brahmanbaria,synthetic
merch_0215,electronics,Pabna,synthetic
merch_0216,restaurant,Narayanganj,synthetic
merch_0217,restaurant,Rajshahi,synthetic
merch_0218,pharmacy,Brahmanbaria,synthetic
merch_0219,pharmacy,Rangpur,synthetic
merch_0220,clothing,Bogra,synthetic
merch_0221,utility,Faridpur,synthetic
merch_0222,restaurant,Khulna,synthetic
merch_0223,restaurant,Rangpur,synthetic
merch_0224,electronics,Rangpur,synthetic
merch_0225,clothing,Narayanganj,synthetic
merch_0226,pharmacy,Pabna,synthetic
merch_0227,pharmacy,Pabna,synthetic
merch_0228,pharmacy,Dhaka,synthetic
merch_0229,clothing,Comilla,synthetic
merch_0230,pharmacy,Cox's Bazar,synthetic
merch_0231,restaurant,Mymensingh,synthetic
merch_0232,clothing,Feni,synthetic
merch_0233,utility,Gazipur,synthetic
merch_0234,restaurant,Sylhet,synthetic
merch_0235,grocery,Faridpur,synthetic
merch_0236,pharmacy,Jessore,synthetic
merch_0237,utility,Kushtia,synthetic
merch_0238,utility,Rangpur,synthetic
merch_0239,utility,Kushtia,synthetic
merch_0240,utility,Pabna,synthetic
merch_0241,utility,Cox's Bazar,synthetic
merch_0242,clothing,Sylhet,synthetic
merch_0243,grocery,Noakhali,synthetic
merch_0244,grocery,Chittagong,synthetic
merch_0245,clothing,Mymensingh,synthetic
merch_0246,restaurant,Dinajpur,synthetic
merch_0247,electronics,Narayanganj,synthetic
merch_0248,electronics,Brahmanbaria,synthetic
merch_0249,utility,Chittagong,synthetic
merch_0250,grocery,Comilla,synthetic
merch_0251,electronics,Cox's Bazar,synthetic
merch_0252,restaurant,Bogra,synthetic
merch_0253,restaurant,Narayanganj,synthetic
merch_0254,clothing,Khulna,synthetic
merch_0255,electronics,Chittagong,synthetic
merch_0256,electronics,Barisal,synthetic
merch_0257,clothing,Barisal,synthetic
merch_0258,electronics,Faridpur,synthetic
merch_0259,clothing,Tangail,synthetic
merch_0260,pharmacy,Sylhet,synthetic
merch_0261,clothing,Brahmanbaria,synthetic
merch_0262,electronics,Pabna,synthetic
merch_0263,pharmacy,Comilla,synthetic
merch_0264,grocery,Jessore,synthetic
merch_0265,grocery,Khulna,synthetic
merch_0266,restaurant,Comilla,synthetic
merch_0267,utility,Dinajpur,synthetic
merch_0268,restaurant,Bogra,synthetic
merch_0269,clothing,Cox's Bazar,synthetic
merch_0270,clothing,Jamalpur,synthetic
merch_0271,clothing,Pabna,synthetic
merch_0272,pharmacy,Jessore,synthetic
merch_0273,utility,Faridpur,synthetic
merch_0274,pharmacy,Noakhali,synthetic
merch_0275,utility,Gazipur,synthetic
merch_0276,restaurant,Chittagong,synthetic
merch_0277,pharmacy,Khulna,synthetic
merch_0278,grocery,Mymensingh,synthetic
merch_0279,pharmacy,Chittagong,synthetic
merch_0280,restaurant,Comilla,synthetic
merch_0281,pharmacy,Brahmanbaria,synthetic
merch_0282,restaurant,Pabna,synthetic
merch_0283,grocery,Faridpur,synthetic
merch_0284,grocery,Tangail,synthetic
merch_0285,clothing,Brahmanbaria,synthetic
merch_0286,electronics,Faridpur,synthetic
merch_0287,restaurant,Faridpur,synthetic
merch_0288,grocery,Khulna,synthetic
merch_0289,grocery,Dinajpur,synthetic
merch_0290,grocery,Rangpur,synthetic
merch_0291,clothing,Barisal,synthetic
merch_0292,pharmacy,Jamalpur,synthetic
merch_0293,clothing,Feni,synthetic
merch_0294,utility,Feni,synthetic
merch_0295,pharmacy,Feni,synthetic
merch_0296,grocery,Jamalpur,synthetic
merch_0297,electronics,Barisal,synthetic
merch_0298,restaurant,Sylhet,synthetic
merch_0299,pharmacy,Faridpur,synthetic
merch_0300,utility,Rajshahi,synthetic
merch_0301,clothing,Dhaka,synthetic
merch_0302,clothing,Narayanganj,synthetic
merch_0303,utility,Rajshahi,synthetic
merch_0304,restaurant,Dinajpur,synthetic
merch_0305,electronics,Rajshahi,synthetic
merch_0306,clothing,Khulna,synthetic
merch_0307,grocery,Sylhet,synthetic
merch_0308,restaurant,Brahmanbaria,synthetic
merch_0309,utility,Faridpur,synthetic
merch_0310,restaurant,Gazipur,synthetic
merch_0311,clothing,Cox's Bazar,synthetic
merch_0312,utility,Dhaka,synthetic
merch_0313,clothing,Chittagong,synthetic
merch_0314,utility,Cox's Bazar,synthetic
merch_0315,restaurant,Jessore,synthetic
merch_0316,utility,Feni,synthetic
merch_0317,pharmacy,Rangpur,synthetic
merch_0318,grocery,Gazipur,synthetic
merch_0319,clothing,Jessore,synthetic
merch_0320,grocery,Sylhet,synthetic
merch_0321,electronics,Cox's Bazar,synthetic
merch_0322,restaurant,Sylhet,synthetic
merch_0323,restaurant,Comilla,synthetic
merch_0324,pharmacy,Mymensingh,synthetic
merch_0325,restaurant,Sylhet,synthetic
merch_0326,grocery,Rangpur,synthetic
merch_0327,pharmacy,Kushtia,synthetic
merch_0328,restaurant,Bogra,synthetic
merch_0329,utility,Gazipur,synthetic
merch_0330,pharmacy,Rajshahi,synthetic
merch_0331,clothing,Faridpur,synthetic
merch_0332,restaurant,Bogra,synthetic
merch_0333,utility,Cox's Bazar,synthetic
merch_0334,pharmacy,Dinajpur,synthetic
merch_0335,utility,Rajshahi,synthetic
merch_0336,clothing,Jamalpur,synthetic
merch_0337,pharmacy,Faridpur,synthetic
merch_0338,restaurant,Kushtia,synthetic
merch_0339,restaurant,Comilla,synthetic
merch_0340,electronics,Cox's Bazar,synthetic
merch_0341,restaurant,Sylhet,synthetic
merch_0342,restaurant,Dinajpur,synthetic
merch_0343,electronics,Barisal,synthetic
merch_0344,restaurant,Gazipur,synthetic
merch_0345,restaurant,Sylhet,synthetic
merch_0346,grocery,Jamalpur,synthetic
merch_0347,clothing,Tangail,synthetic
merch_0348,utility,Mymensingh,synthetic
merch_0349,utility,Narayanganj,synthetic
merch_0350,utility,Khulna,synthetic
merch_0351,restaurant,Jamalpur,synthetic
merch_0352,utility,Gazipur,synthetic
merch_0353,electronics,Sylhet,synthetic
merch_0354,clothing,Tangail,synthetic
merch_0355,restaurant,Sylhet,synthetic
merch_0356,restaurant,Bogra,synthetic
merch_0357,pharmacy,Khulna,synthetic
merch_0358,utility,Bogra,synthetic
merch_0359,pharmacy,Jamalpur,synthetic
merch_0360,restaurant,Bogra,synthetic
merch_0361,electronics,Chittagong,synthetic
merch_0362,electronics,Sylhet,synthetic
merch_0363,grocery,Jamalpur,synthetic
merch_0364,grocery,Jamalpur,synthetic
merch_0365,restaurant,Pabna,synthetic
merch_0366,grocery,Tangail,synthetic
merch_0367,utility,Feni,synthetic
merch_0368,clothing,Dinajpur,synthetic
merch_0369,clothing,Feni,synthetic
merch_0370,grocery,Jamalpur,synthetic
merch_0371,grocery,Rajshahi,synthetic
merch_0372,utility,Narayanganj,synthetic
merch_0373,restaurant,Barisal,synthetic
merch_0374,pharmacy,Kushtia,synthetic
merch_0375,grocery,Sylhet,synthetic
merch_0376,restaurant,Brahmanbaria,synthetic
merch_0377,clothing,Jessore,synthetic
merch_0378,electronics,Tangail,synthetic
merch_0379,utility,Tangail,synthetic
merch_0380,electronics,Comilla,synthetic
merch_0381,clothing,Barisal,synthetic
merch_0382,pharmacy,Barisal,synthetic
merch_0383,grocery,Cox's Bazar,synthetic
merch_0384,clothing,Narayanganj,synthetic
merch_0385,grocery,Pabna,synthetic
merch_0386,electronics,Dhaka,synthetic
merch_0387,grocery,Kushtia,synthetic
merch_0388,grocery,Dhaka,synthetic
merch_0389,pharmacy,Gazipur,synthetic
merch_0390,restaurant,Tangail,synthetic
merch_0391,utility,Kushtia,synthetic
merch_0392,utility,Cox's Bazar,synthetic
merch_0393,utility,Faridpur,synthetic
merch_0394,clothing,Cox's Bazar,synthetic
merch_0395,electronics,Dinajpur,synthetic
merch_0396,utility,Narayanganj,synthetic
merch_0397,utility,Narayanganj,synthetic
merch_0398,restaurant,Bogra,synthetic
merch_0399,grocery,Khulna,synthetic
merch_0400,pharmacy,Dhaka,synthetic
